{"app":["/app-cbc6e35b936c0f1d0fc2.js"],"component---src-templates-post-js":["/component---src-templates-post-js-35fe4dd8f95611acf6e3.js"],"component---src-templates-portfolio-js":["/component---src-templates-portfolio-js-79c434d9e02dbc84248f.js"],"component---src-pages-404-js":["/component---src-pages-404-js-0290f163286959b63491.js"],"component---src-pages-blog-js":["/component---src-pages-blog-js-10fc664c4e719fdf10c4.js"],"component---src-pages-contactarme-js":["/component---src-pages-contactarme-js-2b2cfa35cb5945e19498.js"],"component---src-pages-index-js":["/component---src-pages-index-js-31c611a229c608383c86.js"],"component---src-pages-inicio-js":["/component---src-pages-inicio-js-4cb3685e8e932c596287.js"],"component---src-pages-portafolio-js":["/component---src-pages-portafolio-js-e32e65a854749c1f964d.js"],"component---src-pages-sobre-mi-js":["/component---src-pages-sobre-mi-js-67a231aac0dc67cac21a.js"]}