{"app":["/app-bcb7f29b80a5da84c526.js"],"component---src-templates-post-js":["/component---src-templates-post-js-515794b1d6a1010eeac8.js"],"component---src-templates-portfolio-js":["/component---src-templates-portfolio-js-15ad07a27893f025353f.js"],"component---src-pages-404-js":["/component---src-pages-404-js-0290f163286959b63491.js"],"component---src-pages-blog-js":["/component---src-pages-blog-js-d42bc5f7b826cf860b0f.js"],"component---src-pages-contactarme-js":["/component---src-pages-contactarme-js-f81d28509907470fcc7c.js"],"component---src-pages-index-js":["/component---src-pages-index-js-31c611a229c608383c86.js"],"component---src-pages-inicio-js":["/component---src-pages-inicio-js-3c7607b83d4bffe91289.js"],"component---src-pages-portafolio-js":["/component---src-pages-portafolio-js-924f77d5a7eac229bec3.js"],"component---src-pages-sobre-mi-js":["/component---src-pages-sobre-mi-js-b0474b3a2ce98d24985d.js"]}