{"app":["/app-cbc6e35b936c0f1d0fc2.js"],"component---src-templates-post-js":["/component---src-templates-post-js-35fe4dd8f95611acf6e3.js"],"component---src-templates-portfolio-js":["/component---src-templates-portfolio-js-a44aafd46871319ebd3e.js"],"component---src-pages-404-js":["/component---src-pages-404-js-0290f163286959b63491.js"],"component---src-pages-blog-js":["/component---src-pages-blog-js-80beece02b13ca406336.js"],"component---src-pages-contactarme-js":["/component---src-pages-contactarme-js-13f7bd5ef577a46b03e8.js"],"component---src-pages-index-js":["/component---src-pages-index-js-31c611a229c608383c86.js"],"component---src-pages-inicio-js":["/component---src-pages-inicio-js-13b1e1a123563b797d22.js"],"component---src-pages-portafolio-js":["/component---src-pages-portafolio-js-0349067cd320d9e4d52e.js"],"component---src-pages-sobre-mi-js":["/component---src-pages-sobre-mi-js-d344cd98a4296b05e954.js"]}