{"errors":[],"warnings":[],"namedChunkGroups":{"app":{"chunks":[12,1,0,2],"assets":["webpack-runtime-af0616d41aca8102fe35.js","webpack-runtime-af0616d41aca8102fe35.js.map","styles.1ac82af83921f1cb1e11.css","styles-77e1cd67eec0b7586f03.js","styles-77e1cd67eec0b7586f03.js.map","commons-5bb7682db773ce7db562.js","commons-5bb7682db773ce7db562.js.map","app-cbc6e35b936c0f1d0fc2.js","app-cbc6e35b936c0f1d0fc2.js.map"],"children":{},"childAssets":{}},"component---src-templates-post-js":{"chunks":[1,0,11],"assets":["styles.1ac82af83921f1cb1e11.css","styles-77e1cd67eec0b7586f03.js","styles-77e1cd67eec0b7586f03.js.map","commons-5bb7682db773ce7db562.js","commons-5bb7682db773ce7db562.js.map","component---src-templates-post-js-35fe4dd8f95611acf6e3.js","component---src-templates-post-js-35fe4dd8f95611acf6e3.js.map"],"children":{},"childAssets":{}},"component---src-templates-portfolio-js":{"chunks":[1,0,10],"assets":["styles.1ac82af83921f1cb1e11.css","styles-77e1cd67eec0b7586f03.js","styles-77e1cd67eec0b7586f03.js.map","commons-5bb7682db773ce7db562.js","commons-5bb7682db773ce7db562.js.map","component---src-templates-portfolio-js-a44aafd46871319ebd3e.js","component---src-templates-portfolio-js-a44aafd46871319ebd3e.js.map"],"children":{},"childAssets":{}},"component---src-pages-404-js":{"chunks":[1,0,3],"assets":["styles.1ac82af83921f1cb1e11.css","styles-77e1cd67eec0b7586f03.js","styles-77e1cd67eec0b7586f03.js.map","commons-5bb7682db773ce7db562.js","commons-5bb7682db773ce7db562.js.map","component---src-pages-404-js-0290f163286959b63491.js","component---src-pages-404-js-0290f163286959b63491.js.map"],"children":{},"childAssets":{}},"component---src-pages-blog-js":{"chunks":[1,0,4],"assets":["styles.1ac82af83921f1cb1e11.css","styles-77e1cd67eec0b7586f03.js","styles-77e1cd67eec0b7586f03.js.map","commons-5bb7682db773ce7db562.js","commons-5bb7682db773ce7db562.js.map","component---src-pages-blog-js-80beece02b13ca406336.js","component---src-pages-blog-js-80beece02b13ca406336.js.map"],"children":{},"childAssets":{}},"component---src-pages-contactarme-js":{"chunks":[1,0,5],"assets":["styles.1ac82af83921f1cb1e11.css","styles-77e1cd67eec0b7586f03.js","styles-77e1cd67eec0b7586f03.js.map","commons-5bb7682db773ce7db562.js","commons-5bb7682db773ce7db562.js.map","component---src-pages-contactarme-js-13f7bd5ef577a46b03e8.js","component---src-pages-contactarme-js-13f7bd5ef577a46b03e8.js.map"],"children":{},"childAssets":{}},"component---src-pages-index-js":{"chunks":[6],"assets":["component---src-pages-index-js-31c611a229c608383c86.js","component---src-pages-index-js-31c611a229c608383c86.js.map"],"children":{},"childAssets":{}},"component---src-pages-inicio-js":{"chunks":[1,0,7],"assets":["styles.1ac82af83921f1cb1e11.css","styles-77e1cd67eec0b7586f03.js","styles-77e1cd67eec0b7586f03.js.map","commons-5bb7682db773ce7db562.js","commons-5bb7682db773ce7db562.js.map","component---src-pages-inicio-js-13b1e1a123563b797d22.js","component---src-pages-inicio-js-13b1e1a123563b797d22.js.map"],"children":{},"childAssets":{}},"component---src-pages-portafolio-js":{"chunks":[1,0,8],"assets":["styles.1ac82af83921f1cb1e11.css","styles-77e1cd67eec0b7586f03.js","styles-77e1cd67eec0b7586f03.js.map","commons-5bb7682db773ce7db562.js","commons-5bb7682db773ce7db562.js.map","component---src-pages-portafolio-js-0349067cd320d9e4d52e.js","component---src-pages-portafolio-js-0349067cd320d9e4d52e.js.map"],"children":{},"childAssets":{}},"component---src-pages-sobre-mi-js":{"chunks":[1,0,9],"assets":["styles.1ac82af83921f1cb1e11.css","styles-77e1cd67eec0b7586f03.js","styles-77e1cd67eec0b7586f03.js.map","commons-5bb7682db773ce7db562.js","commons-5bb7682db773ce7db562.js.map","component---src-pages-sobre-mi-js-d344cd98a4296b05e954.js","component---src-pages-sobre-mi-js-d344cd98a4296b05e954.js.map"],"children":{},"childAssets":{}}},"assetsByChunkName":{"app":["webpack-runtime-af0616d41aca8102fe35.js","styles.1ac82af83921f1cb1e11.css","styles-77e1cd67eec0b7586f03.js","commons-5bb7682db773ce7db562.js","app-cbc6e35b936c0f1d0fc2.js"],"component---src-templates-post-js":["styles.1ac82af83921f1cb1e11.css","styles-77e1cd67eec0b7586f03.js","commons-5bb7682db773ce7db562.js","component---src-templates-post-js-35fe4dd8f95611acf6e3.js"],"component---src-templates-portfolio-js":["styles.1ac82af83921f1cb1e11.css","styles-77e1cd67eec0b7586f03.js","commons-5bb7682db773ce7db562.js","component---src-templates-portfolio-js-a44aafd46871319ebd3e.js"],"component---src-pages-404-js":["styles.1ac82af83921f1cb1e11.css","styles-77e1cd67eec0b7586f03.js","commons-5bb7682db773ce7db562.js","component---src-pages-404-js-0290f163286959b63491.js"],"component---src-pages-blog-js":["styles.1ac82af83921f1cb1e11.css","styles-77e1cd67eec0b7586f03.js","commons-5bb7682db773ce7db562.js","component---src-pages-blog-js-80beece02b13ca406336.js"],"component---src-pages-contactarme-js":["styles.1ac82af83921f1cb1e11.css","styles-77e1cd67eec0b7586f03.js","commons-5bb7682db773ce7db562.js","component---src-pages-contactarme-js-13f7bd5ef577a46b03e8.js"],"component---src-pages-index-js":["component---src-pages-index-js-31c611a229c608383c86.js"],"component---src-pages-inicio-js":["styles.1ac82af83921f1cb1e11.css","styles-77e1cd67eec0b7586f03.js","commons-5bb7682db773ce7db562.js","component---src-pages-inicio-js-13b1e1a123563b797d22.js"],"component---src-pages-portafolio-js":["styles.1ac82af83921f1cb1e11.css","styles-77e1cd67eec0b7586f03.js","commons-5bb7682db773ce7db562.js","component---src-pages-portafolio-js-0349067cd320d9e4d52e.js"],"component---src-pages-sobre-mi-js":["styles.1ac82af83921f1cb1e11.css","styles-77e1cd67eec0b7586f03.js","commons-5bb7682db773ce7db562.js","component---src-pages-sobre-mi-js-d344cd98a4296b05e954.js"]}}