{"errors":[],"warnings":[],"namedChunkGroups":{"app":{"chunks":[12,1,0,2],"assets":["webpack-runtime-8ceee5d7b79efad9b1ba.js","webpack-runtime-8ceee5d7b79efad9b1ba.js.map","styles.23b25a625e01484991e3.css","styles-77e1cd67eec0b7586f03.js","styles-77e1cd67eec0b7586f03.js.map","commons-3ba592209c39bd35b13a.js","commons-3ba592209c39bd35b13a.js.map","app-bcb7f29b80a5da84c526.js","app-bcb7f29b80a5da84c526.js.map"],"children":{},"childAssets":{}},"component---src-templates-post-js":{"chunks":[1,0,11],"assets":["styles.23b25a625e01484991e3.css","styles-77e1cd67eec0b7586f03.js","styles-77e1cd67eec0b7586f03.js.map","commons-3ba592209c39bd35b13a.js","commons-3ba592209c39bd35b13a.js.map","component---src-templates-post-js-515794b1d6a1010eeac8.js","component---src-templates-post-js-515794b1d6a1010eeac8.js.map"],"children":{},"childAssets":{}},"component---src-templates-portfolio-js":{"chunks":[1,0,10],"assets":["styles.23b25a625e01484991e3.css","styles-77e1cd67eec0b7586f03.js","styles-77e1cd67eec0b7586f03.js.map","commons-3ba592209c39bd35b13a.js","commons-3ba592209c39bd35b13a.js.map","component---src-templates-portfolio-js-15ad07a27893f025353f.js","component---src-templates-portfolio-js-15ad07a27893f025353f.js.map"],"children":{},"childAssets":{}},"component---src-pages-404-js":{"chunks":[1,0,3],"assets":["styles.23b25a625e01484991e3.css","styles-77e1cd67eec0b7586f03.js","styles-77e1cd67eec0b7586f03.js.map","commons-3ba592209c39bd35b13a.js","commons-3ba592209c39bd35b13a.js.map","component---src-pages-404-js-0290f163286959b63491.js","component---src-pages-404-js-0290f163286959b63491.js.map"],"children":{},"childAssets":{}},"component---src-pages-blog-js":{"chunks":[1,0,4],"assets":["styles.23b25a625e01484991e3.css","styles-77e1cd67eec0b7586f03.js","styles-77e1cd67eec0b7586f03.js.map","commons-3ba592209c39bd35b13a.js","commons-3ba592209c39bd35b13a.js.map","component---src-pages-blog-js-d42bc5f7b826cf860b0f.js","component---src-pages-blog-js-d42bc5f7b826cf860b0f.js.map"],"children":{},"childAssets":{}},"component---src-pages-contactarme-js":{"chunks":[1,0,5],"assets":["styles.23b25a625e01484991e3.css","styles-77e1cd67eec0b7586f03.js","styles-77e1cd67eec0b7586f03.js.map","commons-3ba592209c39bd35b13a.js","commons-3ba592209c39bd35b13a.js.map","component---src-pages-contactarme-js-f81d28509907470fcc7c.js","component---src-pages-contactarme-js-f81d28509907470fcc7c.js.map"],"children":{},"childAssets":{}},"component---src-pages-index-js":{"chunks":[6],"assets":["component---src-pages-index-js-31c611a229c608383c86.js","component---src-pages-index-js-31c611a229c608383c86.js.map"],"children":{},"childAssets":{}},"component---src-pages-inicio-js":{"chunks":[1,0,7],"assets":["styles.23b25a625e01484991e3.css","styles-77e1cd67eec0b7586f03.js","styles-77e1cd67eec0b7586f03.js.map","commons-3ba592209c39bd35b13a.js","commons-3ba592209c39bd35b13a.js.map","component---src-pages-inicio-js-3c7607b83d4bffe91289.js","component---src-pages-inicio-js-3c7607b83d4bffe91289.js.map"],"children":{},"childAssets":{}},"component---src-pages-portafolio-js":{"chunks":[1,0,8],"assets":["styles.23b25a625e01484991e3.css","styles-77e1cd67eec0b7586f03.js","styles-77e1cd67eec0b7586f03.js.map","commons-3ba592209c39bd35b13a.js","commons-3ba592209c39bd35b13a.js.map","component---src-pages-portafolio-js-924f77d5a7eac229bec3.js","component---src-pages-portafolio-js-924f77d5a7eac229bec3.js.map"],"children":{},"childAssets":{}},"component---src-pages-sobre-mi-js":{"chunks":[1,0,9],"assets":["styles.23b25a625e01484991e3.css","styles-77e1cd67eec0b7586f03.js","styles-77e1cd67eec0b7586f03.js.map","commons-3ba592209c39bd35b13a.js","commons-3ba592209c39bd35b13a.js.map","component---src-pages-sobre-mi-js-b0474b3a2ce98d24985d.js","component---src-pages-sobre-mi-js-b0474b3a2ce98d24985d.js.map"],"children":{},"childAssets":{}}},"assetsByChunkName":{"app":["webpack-runtime-8ceee5d7b79efad9b1ba.js","styles.23b25a625e01484991e3.css","styles-77e1cd67eec0b7586f03.js","commons-3ba592209c39bd35b13a.js","app-bcb7f29b80a5da84c526.js"],"component---src-templates-post-js":["styles.23b25a625e01484991e3.css","styles-77e1cd67eec0b7586f03.js","commons-3ba592209c39bd35b13a.js","component---src-templates-post-js-515794b1d6a1010eeac8.js"],"component---src-templates-portfolio-js":["styles.23b25a625e01484991e3.css","styles-77e1cd67eec0b7586f03.js","commons-3ba592209c39bd35b13a.js","component---src-templates-portfolio-js-15ad07a27893f025353f.js"],"component---src-pages-404-js":["styles.23b25a625e01484991e3.css","styles-77e1cd67eec0b7586f03.js","commons-3ba592209c39bd35b13a.js","component---src-pages-404-js-0290f163286959b63491.js"],"component---src-pages-blog-js":["styles.23b25a625e01484991e3.css","styles-77e1cd67eec0b7586f03.js","commons-3ba592209c39bd35b13a.js","component---src-pages-blog-js-d42bc5f7b826cf860b0f.js"],"component---src-pages-contactarme-js":["styles.23b25a625e01484991e3.css","styles-77e1cd67eec0b7586f03.js","commons-3ba592209c39bd35b13a.js","component---src-pages-contactarme-js-f81d28509907470fcc7c.js"],"component---src-pages-index-js":["component---src-pages-index-js-31c611a229c608383c86.js"],"component---src-pages-inicio-js":["styles.23b25a625e01484991e3.css","styles-77e1cd67eec0b7586f03.js","commons-3ba592209c39bd35b13a.js","component---src-pages-inicio-js-3c7607b83d4bffe91289.js"],"component---src-pages-portafolio-js":["styles.23b25a625e01484991e3.css","styles-77e1cd67eec0b7586f03.js","commons-3ba592209c39bd35b13a.js","component---src-pages-portafolio-js-924f77d5a7eac229bec3.js"],"component---src-pages-sobre-mi-js":["styles.23b25a625e01484991e3.css","styles-77e1cd67eec0b7586f03.js","commons-3ba592209c39bd35b13a.js","component---src-pages-sobre-mi-js-b0474b3a2ce98d24985d.js"]}}