{"errors":[],"warnings":[],"namedChunkGroups":{"app":{"chunks":[12,1,0,2],"assets":["webpack-runtime-86905169e474e3e3bf7d.js","webpack-runtime-86905169e474e3e3bf7d.js.map","styles.74cbc149ede919bfee03.css","styles-77e1cd67eec0b7586f03.js","styles-77e1cd67eec0b7586f03.js.map","commons-505094a24ecd769aa0e9.js","commons-505094a24ecd769aa0e9.js.map","app-cbc6e35b936c0f1d0fc2.js","app-cbc6e35b936c0f1d0fc2.js.map"],"children":{},"childAssets":{}},"component---src-templates-post-js":{"chunks":[1,0,11],"assets":["styles.74cbc149ede919bfee03.css","styles-77e1cd67eec0b7586f03.js","styles-77e1cd67eec0b7586f03.js.map","commons-505094a24ecd769aa0e9.js","commons-505094a24ecd769aa0e9.js.map","component---src-templates-post-js-35fe4dd8f95611acf6e3.js","component---src-templates-post-js-35fe4dd8f95611acf6e3.js.map"],"children":{},"childAssets":{}},"component---src-templates-portfolio-js":{"chunks":[1,0,10],"assets":["styles.74cbc149ede919bfee03.css","styles-77e1cd67eec0b7586f03.js","styles-77e1cd67eec0b7586f03.js.map","commons-505094a24ecd769aa0e9.js","commons-505094a24ecd769aa0e9.js.map","component---src-templates-portfolio-js-79c434d9e02dbc84248f.js","component---src-templates-portfolio-js-79c434d9e02dbc84248f.js.map"],"children":{},"childAssets":{}},"component---src-pages-404-js":{"chunks":[1,0,3],"assets":["styles.74cbc149ede919bfee03.css","styles-77e1cd67eec0b7586f03.js","styles-77e1cd67eec0b7586f03.js.map","commons-505094a24ecd769aa0e9.js","commons-505094a24ecd769aa0e9.js.map","component---src-pages-404-js-0290f163286959b63491.js","component---src-pages-404-js-0290f163286959b63491.js.map"],"children":{},"childAssets":{}},"component---src-pages-blog-js":{"chunks":[1,0,4],"assets":["styles.74cbc149ede919bfee03.css","styles-77e1cd67eec0b7586f03.js","styles-77e1cd67eec0b7586f03.js.map","commons-505094a24ecd769aa0e9.js","commons-505094a24ecd769aa0e9.js.map","component---src-pages-blog-js-10fc664c4e719fdf10c4.js","component---src-pages-blog-js-10fc664c4e719fdf10c4.js.map"],"children":{},"childAssets":{}},"component---src-pages-contactarme-js":{"chunks":[1,0,5],"assets":["styles.74cbc149ede919bfee03.css","styles-77e1cd67eec0b7586f03.js","styles-77e1cd67eec0b7586f03.js.map","commons-505094a24ecd769aa0e9.js","commons-505094a24ecd769aa0e9.js.map","component---src-pages-contactarme-js-2b2cfa35cb5945e19498.js","component---src-pages-contactarme-js-2b2cfa35cb5945e19498.js.map"],"children":{},"childAssets":{}},"component---src-pages-index-js":{"chunks":[6],"assets":["component---src-pages-index-js-31c611a229c608383c86.js","component---src-pages-index-js-31c611a229c608383c86.js.map"],"children":{},"childAssets":{}},"component---src-pages-inicio-js":{"chunks":[1,0,7],"assets":["styles.74cbc149ede919bfee03.css","styles-77e1cd67eec0b7586f03.js","styles-77e1cd67eec0b7586f03.js.map","commons-505094a24ecd769aa0e9.js","commons-505094a24ecd769aa0e9.js.map","component---src-pages-inicio-js-4cb3685e8e932c596287.js","component---src-pages-inicio-js-4cb3685e8e932c596287.js.map"],"children":{},"childAssets":{}},"component---src-pages-portafolio-js":{"chunks":[1,0,8],"assets":["styles.74cbc149ede919bfee03.css","styles-77e1cd67eec0b7586f03.js","styles-77e1cd67eec0b7586f03.js.map","commons-505094a24ecd769aa0e9.js","commons-505094a24ecd769aa0e9.js.map","component---src-pages-portafolio-js-e32e65a854749c1f964d.js","component---src-pages-portafolio-js-e32e65a854749c1f964d.js.map"],"children":{},"childAssets":{}},"component---src-pages-sobre-mi-js":{"chunks":[1,0,9],"assets":["styles.74cbc149ede919bfee03.css","styles-77e1cd67eec0b7586f03.js","styles-77e1cd67eec0b7586f03.js.map","commons-505094a24ecd769aa0e9.js","commons-505094a24ecd769aa0e9.js.map","component---src-pages-sobre-mi-js-67a231aac0dc67cac21a.js","component---src-pages-sobre-mi-js-67a231aac0dc67cac21a.js.map"],"children":{},"childAssets":{}}},"assetsByChunkName":{"app":["webpack-runtime-86905169e474e3e3bf7d.js","styles.74cbc149ede919bfee03.css","styles-77e1cd67eec0b7586f03.js","commons-505094a24ecd769aa0e9.js","app-cbc6e35b936c0f1d0fc2.js"],"component---src-templates-post-js":["styles.74cbc149ede919bfee03.css","styles-77e1cd67eec0b7586f03.js","commons-505094a24ecd769aa0e9.js","component---src-templates-post-js-35fe4dd8f95611acf6e3.js"],"component---src-templates-portfolio-js":["styles.74cbc149ede919bfee03.css","styles-77e1cd67eec0b7586f03.js","commons-505094a24ecd769aa0e9.js","component---src-templates-portfolio-js-79c434d9e02dbc84248f.js"],"component---src-pages-404-js":["styles.74cbc149ede919bfee03.css","styles-77e1cd67eec0b7586f03.js","commons-505094a24ecd769aa0e9.js","component---src-pages-404-js-0290f163286959b63491.js"],"component---src-pages-blog-js":["styles.74cbc149ede919bfee03.css","styles-77e1cd67eec0b7586f03.js","commons-505094a24ecd769aa0e9.js","component---src-pages-blog-js-10fc664c4e719fdf10c4.js"],"component---src-pages-contactarme-js":["styles.74cbc149ede919bfee03.css","styles-77e1cd67eec0b7586f03.js","commons-505094a24ecd769aa0e9.js","component---src-pages-contactarme-js-2b2cfa35cb5945e19498.js"],"component---src-pages-index-js":["component---src-pages-index-js-31c611a229c608383c86.js"],"component---src-pages-inicio-js":["styles.74cbc149ede919bfee03.css","styles-77e1cd67eec0b7586f03.js","commons-505094a24ecd769aa0e9.js","component---src-pages-inicio-js-4cb3685e8e932c596287.js"],"component---src-pages-portafolio-js":["styles.74cbc149ede919bfee03.css","styles-77e1cd67eec0b7586f03.js","commons-505094a24ecd769aa0e9.js","component---src-pages-portafolio-js-e32e65a854749c1f964d.js"],"component---src-pages-sobre-mi-js":["styles.74cbc149ede919bfee03.css","styles-77e1cd67eec0b7586f03.js","commons-505094a24ecd769aa0e9.js","component---src-pages-sobre-mi-js-67a231aac0dc67cac21a.js"]}}