{"data":{"allWordpressWpPortfolio":{"edges":[{"node":{"id":"59220742-fb9a-5aa1-b570-7bc9bfd292d2","acf":{"ano_desarrollo":"2019","tipo":"Aplicación Web","url":"http://www.colombiaweb.co/smarttr/front"},"excerpt":"<p>Aplicación web para una empresa de Taller de Relojes &#8211; Desarrollada con React.js, SlimPhp, MySQL</p>\n","title":"Smart TR","featured_media":{"id":"de4d08c1-34dd-5c03-849e-6039b1569fe9","source_url":"http://charlesdev-wpapi.colombiaweb.co/wp-content/uploads/2020/02/software-development.jpg"}}},{"node":{"id":"406079c8-67d0-59a4-a119-56e90206e474","acf":{"ano_desarrollo":"2019","tipo":"Sitio Web","url":"https://www.maspro.com.co/"},"excerpt":"<p>Sitio web desarrollado con WordPress y Theme personalizado con Php, Html5, Css3, JavaScript, Sass y Bootstrap</p>\n","title":"Sitio Web MasPro","featured_media":{"id":"45b8bf74-aa5e-5c67-b42a-411f80276b6a","source_url":"http://charlesdev-wpapi.colombiaweb.co/wp-content/uploads/2020/03/web-developer-background.jpg"}}},{"node":{"id":"197f361e-a59f-5249-8001-a178ebee2d4e","acf":{"ano_desarrollo":"2019","tipo":"Sitio Web","url":"https://www.previser.com.co/nuevositio/"},"excerpt":"<p>Sitio web desarrollado con WordPress y Theme personalizado con Php, Html5, Css3, JavaScript, Sass y Bootstrap</p>\n","title":"Sitio Web Previser","featured_media":{"id":"de4d08c1-34dd-5c03-849e-6039b1569fe9","source_url":"http://charlesdev-wpapi.colombiaweb.co/wp-content/uploads/2020/02/software-development.jpg"}}}]}}}