{"data":{"allWordpressPost":{"edges":[{"node":{"id":"b6600d1c-3c20-5ef3-9182-7c764fa0e7cf","title":"Que es el MERN Stack","content":"\n<p>En este post les voy a explicar un poco de que se trata este &#8220;Stack&#8221; de tecnologías que continúan en auge y permiten construir aplicaciones web modernas y ultra rapidísimas.</p>\n","excerpt":"<p>En este post les voy a explicar un poco de que se trata este &#8220;Stack&#8221; de tecnologias que continuan en auge y permiten construir aplicaciones web modernas y ultrarapidisimas.</p>\n","author":1,"slug":"que-es-el-mern-stack","date":"07 03 2020","featured_media":{"id":"fd13a031-0732-5d1d-b8e3-0c31ae8b18e4","source_url":"http://charlesdev-wpapi.colombiaweb.co/wp-content/uploads/2020/03/mern.stack_.jpg"},"categories":[{"id":"7128fce1-70e2-5089-815b-9e2864c1c57a","name":"Aplicación Web"}]}},{"node":{"id":"339689ea-26e9-57de-a6b6-93c2ae1e79fc","title":"Usar WordPress como Headless CMS","content":"\n<p>En este post les voy a demostrar como sacar un nuevo potencial al CMS WordPress para utilizarlo como un nuevo concepto llamado Headless CMS</p>\n","excerpt":"<p>En este post les voy a demostrar como sacar un nuevo potencial al CMS WordPress para utilizarlo como un nuevo concepto llamado Headless CMS</p>\n","author":1,"slug":"second-post","date":"10 02 2020","featured_media":{"id":"6cacf6e3-af0d-533e-8e75-b1e42135cec9","source_url":"http://charlesdev-wpapi.colombiaweb.co/wp-content/uploads/2020/02/wordpress-api-rest.jpg"},"categories":[{"id":"5111cee5-15c1-59ba-a8e8-47bad02bbc90","name":"Sitio Web"}]}},{"node":{"id":"817c1f82-a82e-51ab-a8ec-733db30cb283","title":"Que es el JAMStack","content":"\n<p>Las palabras JAM hacen referencia al conjunto de tecnologías que componen el JAMStack, JavaScript, APIs y Markup pre compilado, en un momento ahondaré más en cómo funcionan estas tecnologías en conjunto y cuáles son los beneficios. </p>\n\n\n\n<p>La base del JAMStack está en una arquitectura orientada hacia el cliente, y no hacia el servidor. Con el creciente desarrollo de frameworks JavaScript que corren en el frontend como React, Angular, Vue, entre otros, éste stack delega el funcionamiento de la aplicación a la programación en el cliente, lo que permite reducir el trabajo que hacemos en el servidor y por lo tanto entregar respuestas más rápidas en nuestras páginas web. </p>\n\n\n\n<p>El segundo pilar de esta stack está en las APIs, por lo que en lugar de acceder a la base de datos desde el servidor y compilar templates con éstos datos como tradicionalmente lo hacen frameworks como Laravel, Rails, Django, etc. La comunicación de datos con nuestra aplicación se abstrae en servicios web, a los que accedemos vía HTTPs con JavaScript, usando cualquier tecnología del cliente que hayas decidido para la base de tu aplicación, como explicamos en el párrafo anterior. </p>\n\n\n\n<p>Por último, un tercer pilar es el markup precompilado, que a diferencia del desarrollo web tradicional, promueve precompilar las vistas, el marcado o los templates, en lugar de generarlos dinámicamente en cada petición</p>\n","excerpt":"<p>Las palabras JAM hacen referencia al conjunto de tecnologías que componen el JAMStack, JavaScript, APIs y Markup pre compilado.</p>\n","author":1,"slug":"first-post","date":"08 02 2020","featured_media":{"id":"b0f5e299-6359-5125-ad74-f0b6dbf8f6e4","source_url":"http://charlesdev-wpapi.colombiaweb.co/wp-content/uploads/2020/02/jamstack.jpg"},"categories":[{"id":"7128fce1-70e2-5089-815b-9e2864c1c57a","name":"Aplicación Web"}]}}]}}}